{
  "features": [
    "recent_growth_14d",
    "rolling_7d_cases",
    "case_acceleration",
    "mobility_index",
    "stringency_index",
    "people_fully_vaccinated_per_hundred"
  ],
  "weights": [
    0.7,
    0.35,
    0.25,
    0.2,
    -0.1,
    -0.2
  ],
  "means": [
    12.096497035961233,
    3086.6931218484738,
    -0.4661338118152407,
    1.0876763576471014,
    39.61909773536688,
    15.87925975174334
  ],
  "stds": [
    580.72969176948,
    17340.783588337184,
    17157.611045622758,
    20.157952300944196,
    28.204280605565774,
    25.298242084221474
  ],
  "threshold": 0.5
}