{
  "split_date": "2022-07-24",
  "forecast": {
    "mae": 1328.868633,
    "rmse": 7397.556054,
    "mape": 36276.656357
  },
  "outbreak": {
    "auc_roc": 0.518845,
    "f1": 0.040673,
    "train_f1": 0.036353,
    "threshold": 0.5
  },
  "rows": {
    "train": 183915,
    "test": 45828
  }
}